train_size_per_class,fold,model,eval_dataset,accuracy,f1_macro,auc_macro,balanced_accuracy,binary_accuracy,binary_f1,binary_auc,binary_balanced_acc
200,0,DCM-DNN,NACC,0.9646017699115044,0.9626713664533465,0.9937674639008961,0.9595959595959597,0.9911504424778761,0.9932885906040269,0.999298245614035,0.9933333333333334
200,0,DCM-DNN,PPMI,0.5573770491803278,0.5737085531887174,0.7785027100271003,0.5783333333333333,0.6557377049180327,0.704225352112676,0.7963414634146342,0.6798780487804879
200,0,PlainDNN,NACC,0.9203539823008849,0.9133287875836092,0.9862111638464492,0.9112554112554112,0.9646017699115044,0.9726027397260274,0.996140350877193,0.9733333333333334
200,0,PlainDNN,PPMI,0.5409836065573771,0.5438596491228069,0.7938730803974706,0.5641666666666666,0.6229508196721312,0.6461538461538462,0.7963414634146341,0.6810975609756098
200,0,LR,NACC,0.9203539823008849,0.9187981618946623,0.9916913014503823,0.9204070783018151,0.9734513274336283,0.9801324503311258,0.9971929824561403,0.9670175438596491
200,0,LR,PPMI,0.6229508196721312,0.6395525641434602,0.8155758807588076,0.6391666666666667,0.7213114754098361,0.7733333333333333,0.8475609756097562,0.7286585365853658
200,0,RF,NACC,0.911504424778761,0.9071169930640554,0.9805789160802133,0.9059770638718007,0.9646017699115044,0.9733333333333334,0.9957894736842104,0.9603508771929825
200,0,RF,PPMI,0.6065573770491803,0.618015607580825,0.8008051038843721,0.6141666666666666,0.7049180327868853,0.75,0.825609756097561,0.7292682926829268
200,0,XGBoost,NACC,0.8849557522123894,0.8823747464327064,0.9827522792255928,0.8830029619503303,0.9823008849557522,0.9866666666666667,0.996140350877193,0.9801754385964913
200,0,XGBoost,PPMI,0.6065573770491803,0.6203344481605352,0.790316169828365,0.6075,0.7049180327868853,0.7631578947368421,0.7731707317073171,0.7036585365853658
200,1,DCM-DNN,NACC,0.9457364341085271,0.9463341058749953,0.9942090861914421,0.9482788444905724,0.9767441860465116,0.9826589595375722,0.9983370288248337,0.9829545454545454
200,1,DCM-DNN,PPMI,0.6888888888888889,0.6505050505050505,0.8696842373312962,0.6506238859180035,0.8444444444444444,0.8727272727272727,0.9201680672268908,0.8403361344537814
200,1,PlainDNN,NACC,0.9147286821705426,0.9153770150642228,0.9931535122894749,0.9199100501643315,0.9457364341085271,0.9585798816568047,0.9986141906873615,0.9602272727272727
200,1,PlainDNN,PPMI,0.7333333333333333,0.6998556998556998,0.871275783040489,0.7005347593582888,0.8444444444444444,0.8771929824561403,0.9159663865546219,0.828781512605042
200,1,LR,NACC,0.9612403100775194,0.9615721944208394,0.9986790583573147,0.9645390070921985,0.9767441860465116,0.9826589595375722,1.0,0.9829545454545454
200,1,LR,PPMI,0.7111111111111111,0.6820636027797153,0.8635090399796282,0.680926916221034,0.8666666666666667,0.8928571428571429,0.9180672268907563,0.8581932773109244
200,1,RF,NACC,0.9147286821705426,0.9153770150642228,0.9922542105014861,0.9199100501643315,0.9457364341085271,0.9585798816568047,0.9997228381374723,0.9602272727272727
200,1,RF,PPMI,0.6444444444444445,0.6147875816993463,0.8092691622103386,0.6114081996434938,0.7777777777777778,0.8275862068965517,0.8697478991596639,0.7521008403361344
200,1,XGBoost,NACC,0.8914728682170543,0.8925216404143607,0.9852160683115536,0.8955198062618924,0.9457364341085271,0.9590643274853801,0.9958425720620843,0.9537139689578713
200,1,XGBoost,PPMI,0.6222222222222222,0.577020202020202,0.8002928444104914,0.5811051693404634,0.7333333333333333,0.7931034482758621,0.8466386554621849,0.7048319327731092
200,2,DCM-DNN,NACC,0.8695652173913043,0.8641240803698307,0.983953039441482,0.8705882352941177,0.9565217391304348,0.965034965034965,0.9976928147659856,0.9662162162162162
200,2,DCM-DNN,PPMI,0.603448275862069,0.6034262485481997,0.814401839739077,0.5997442455242966,0.7758620689655172,0.8395061728395061,0.8802008608321377,0.7381635581061693
200,2,PlainDNN,NACC,0.8869565217391304,0.8833232569769439,0.9920398737650452,0.890399330463893,0.9565217391304348,0.9655172413793104,0.9983520105471325,0.9607778510217535
200,2,PlainDNN,PPMI,0.603448275862069,0.6005004267658166,0.7978482063851816,0.5957184806289666,0.7931034482758621,0.8536585365853658,0.8586800573888091,0.7503586800573888
200,2,LR,NACC,0.8956521739130435,0.8934001670843775,0.9909064224434859,0.895791487326638,0.9652173913043478,0.9726027397260274,0.9990112063282794,0.9675346077785102
200,2,LR,PPMI,0.6379310344827587,0.6329469003887609,0.8278277656650029,0.6349341669034764,0.8275862068965517,0.875,0.8802008608321377,0.8091822094691534
200,2,RF,NACC,0.8782608695652174,0.8743015879447663,0.985526922905689,0.8774509803921569,0.9565217391304348,0.965034965034965,0.9983520105471325,0.9662162162162162
200,2,RF,PPMI,0.603448275862069,0.6025554007549506,0.7805306534066436,0.5935398313914938,0.7758620689655172,0.8470588235294118,0.8134863701578192,0.7037302725968436
200,2,XGBoost,NACC,0.8956521739130435,0.8915838481511326,0.9805093226496066,0.8970588235294118,0.9739130434782609,0.9793103448275862,0.995385629531971,0.9797297297297297
200,2,XGBoost,PPMI,0.6379310344827587,0.6352311470328779,0.7762614551535236,0.6276404281519371,0.8103448275862069,0.8705882352941177,0.8127690100430416,0.7453371592539455
200,3,DCM-DNN,NACC,0.95,0.9501984501984503,0.9955693177617615,0.9503405844869258,0.9666666666666667,0.9736842105263158,0.9984737484737485,0.9743589743589743
200,3,DCM-DNN,PPMI,0.6226415094339622,0.6213490801726095,0.8116554054054054,0.623015873015873,0.7735849056603774,0.8333333333333334,0.8606418918918919,0.7491554054054055
200,3,PlainDNN,NACC,0.9583333333333334,0.9583996917039257,0.9993768956151365,0.9584706657877389,0.975,0.9803921568627451,1.0,0.9807692307692308
200,3,PlainDNN,PPMI,0.6226415094339622,0.623123123123123,0.8085049335049335,0.623015873015873,0.7924528301886793,0.8493150684931506,0.8657094594594594,0.7626689189189189
200,3,LR,NACC,0.9666666666666667,0.9678668215253582,0.9985650376974861,0.9680603948896632,0.9666666666666667,0.9746835443037974,0.9984737484737485,0.9578754578754579
200,3,LR,PPMI,0.5849056603773585,0.5911221395092362,0.8204901329901331,0.5863095238095238,0.7924528301886793,0.8533333333333334,0.8741554054054054,0.7449324324324325
200,3,RF,NACC,0.9583333333333334,0.9590847048324015,0.9959209755819783,0.9579788848081531,0.975,0.9808917197452229,0.9992368742368742,0.9697802197802198
200,3,RF,PPMI,0.5849056603773585,0.5873722461957757,0.7786759974259975,0.5912698412698413,0.7735849056603774,0.8333333333333334,0.8395270270270271,0.7491554054054055
200,3,XGBoost,NACC,0.95,0.951068510370836,0.9970937898780793,0.9511148779441463,0.9666666666666667,0.975,0.9990842490842491,0.9523809523809523
200,3,XGBoost,PPMI,0.5849056603773585,0.5791971916971916,0.7636743886743886,0.5763888888888888,0.7358490566037735,0.8108108108108109,0.8048986486486487,0.6866554054054055
200,4,DCM-DNN,NACC,0.943089430894309,0.9426623072192694,0.9925171322398406,0.9438479140996304,0.975609756097561,0.9822485207100592,0.9969040247678019,0.975077399380805
200,4,DCM-DNN,PPMI,0.7,0.7046332046332046,0.8706140350877192,0.7266081871345028,0.82,0.8571428571428571,0.9278438030560272,0.8039049235993209
200,4,PlainDNN,NACC,0.9349593495934959,0.9344211344211345,0.9936087162564481,0.9366015372880362,0.967479674796748,0.9761904761904762,0.9975232198142415,0.9691950464396285
200,4,PlainDNN,PPMI,0.74,0.7402918069584737,0.8878513488021129,0.7616959064327484,0.84,0.8666666666666667,0.931239388794567,0.8404074702886248
200,4,LR,NACC,0.9512195121951219,0.9500487329434698,0.9960325379291594,0.9508693696336717,0.967479674796748,0.9764705882352941,0.9969040247678018,0.9619195046439628
200,4,LR,PPMI,0.66,0.653411197626993,0.8604508583286172,0.6915204678362573,0.8,0.8333333333333334,0.9176570458404075,0.797962648556876
200,4,RF,NACC,0.926829268292683,0.9266925115535405,0.9864304188405683,0.9278296074634748,0.967479674796748,0.9764705882352941,0.9953560371517027,0.9619195046439628
200,4,RF,PPMI,0.72,0.7156004489337823,0.8182418411620448,0.7339181286549707,0.84,0.8666666666666667,0.864176570458404,0.8404074702886248
200,4,XGBoost,NACC,0.9186991869918699,0.9173072033483933,0.9926175224196493,0.9182068884586047,0.967479674796748,0.9761904761904762,0.9987616099071208,0.9691950464396285
200,4,XGBoost,PPMI,0.72,0.7234432234432234,0.8228164497264667,0.7441520467836257,0.78,0.819672131147541,0.8514431239388794,0.7716468590831917
500,0,DCM-DNN,NACC,0.9473684210526315,0.9463498489814279,0.997660876648394,0.9482200647249192,0.9605263157894737,0.97,0.999455121854567,0.970873786407767
500,0,DCM-DNN,PPMI,0.62,0.6160858112077624,0.7898015873015872,0.6055555555555556,0.78,0.8135593220338984,0.8675,0.775
500,0,PlainDNN,NACC,0.9605263157894737,0.9602521971337564,0.9980460618773906,0.9611650485436893,0.9769736842105263,0.9827160493827161,0.9993065187239945,0.9830097087378641
500,0,PlainDNN,PPMI,0.62,0.6224664224664225,0.779484126984127,0.6111111111111112,0.78,0.819672131147541,0.8441666666666667,0.7666666666666666
500,0,LR,NACC,0.9802631578947368,0.9803484430075661,0.9986120516892455,0.9804174096823196,0.993421052631579,0.9951456310679612,0.9996037249851397,0.992470774717654
500,0,LR,PPMI,0.66,0.6585297418630752,0.804404761904762,0.6499999999999999,0.8,0.8333333333333334,0.8675,0.7916666666666667
500,0,RF,NACC,0.9276315789473685,0.9274167968280668,0.9899475198474308,0.9284723598177135,0.9572368421052632,0.967741935483871,0.9964335248662572,0.9630968892411333
500,0,RF,PPMI,0.58,0.5727115922203058,0.749404761904762,0.5611111111111112,0.74,0.7719298245614035,0.8091666666666666,0.7416666666666667
500,0,XGBoost,NACC,0.9605263157894737,0.9604359843295599,0.9955797756478817,0.9611650485436893,0.9835526315789473,0.9877149877149877,0.9989597780859917,0.9878640776699029
500,0,XGBoost,PPMI,0.52,0.5245421245421246,0.7208333333333332,0.5111111111111111,0.7,0.7540983606557377,0.8091666666666666,0.6833333333333333
500,1,DCM-DNN,NACC,0.9618055555555556,0.9600311565828807,0.9960116583954943,0.9585803313573491,0.9895833333333334,0.9919571045576407,0.9997364537212735,0.9875079063883618
500,1,DCM-DNN,PPMI,0.6060606060606061,0.6115839243498817,0.8026459241103848,0.6863425925925926,0.7727272727272727,0.8275862068965517,0.8768750000000001,0.82875
500,1,PlainDNN,NACC,0.9652777777777778,0.9636749931383634,0.9955374568811246,0.9624563003495972,0.9861111111111112,0.989247311827957,0.9993674889310563,0.9848197343453511
500,1,PlainDNN,PPMI,0.6212121212121212,0.6286719816131581,0.8118289306463325,0.6759259259259259,0.7575757575757576,0.8222222222222222,0.8756250000000001,0.77625
500,1,LR,NACC,0.96875,0.9673858404663652,0.9989652272165497,0.9662669098647211,0.9930555555555556,0.9946236559139785,0.9999472907442547,0.9924098671726755
500,1,LR,PPMI,0.6212121212121212,0.6297038362154641,0.8238246641249093,0.6863425925925926,0.7727272727272727,0.8314606741573034,0.879375,0.8075
500,1,RF,NACC,0.9513888888888888,0.9492416092516415,0.9938990538757841,0.9480376956984343,0.96875,0.9754768392370572,0.9964684798650643,0.9713788741302973
500,1,RF,PPMI,0.6515151515151515,0.6598593202366787,0.7846875,0.6967592592592592,0.7575757575757576,0.8222222222222222,0.846875,0.77625
500,1,XGBoost,NACC,0.9479166666666666,0.9460797149443699,0.9963263229886333,0.9459203526371788,0.9722222222222222,0.978494623655914,0.9981024667931688,0.9696394686907022
500,1,XGBoost,PPMI,0.6666666666666666,0.6756410256410256,0.784589006899056,0.7256944444444445,0.8181818181818182,0.8695652173913043,0.838125,0.8375
500,2,DCM-DNN,NACC,0.9573770491803278,0.9579482380414764,0.9967258639124233,0.9593876913464543,0.9737704918032787,0.9802955665024631,0.9991619836340334,0.9806763285024155
500,2,DCM-DNN,PPMI,0.7291666666666666,0.7039430735082909,0.846577380952381,0.7333333333333334,0.8125,0.847457627118644,0.8875,0.7964285714285715
500,2,PlainDNN,NACC,0.9606557377049181,0.961163824715805,0.996403179883682,0.9620118712902218,0.980327868852459,0.9852941176470589,0.9993098688750863,0.9855072463768115
500,2,PlainDNN,PPMI,0.7083333333333334,0.6865258924082455,0.8453869047619048,0.7166666666666667,0.8333333333333334,0.8709677419354839,0.9035714285714287,0.8071428571428572
500,2,LR,NACC,0.9868852459016394,0.987063539543398,0.9996816183361293,0.9874726647922524,0.9967213114754099,0.9975786924939467,0.9998521147589471,0.9975845410628019
500,2,LR,PPMI,0.7291666666666666,0.6916860916860917,0.8605654761904762,0.7083333333333334,0.8541666666666666,0.8852459016393442,0.9035714285714286,0.8321428571428571
500,2,RF,NACC,0.921311475409836,0.9229827536628504,0.990735486422158,0.9222736517287328,0.9442622950819672,0.9588377723970944,0.9943064182194618,0.9374445430346052
500,2,RF,PPMI,0.625,0.599245078411745,0.824702380952381,0.625,0.7083333333333334,0.78125,0.8642857142857143,0.6714285714285715
500,2,XGBoost,NACC,0.9442622950819672,0.9454623330813807,0.9944874586103695,0.9441928223960625,0.9672131147540983,0.9758454106280193,0.9970915902592921,0.962412501232377
500,2,XGBoost,PPMI,0.625,0.6058097312999274,0.8250000000000001,0.625,0.75,0.8064516129032258,0.8553571428571428,0.7214285714285715
500,3,DCM-DNN,NACC,0.94,0.9389588927907457,0.9966071009726344,0.9405940594059405,0.9733333333333334,0.9796954314720813,0.9989054181800089,0.975023633016568
500,3,DCM-DNN,PPMI,0.6981132075471698,0.6976304035127564,0.8568904800522447,0.6995098039215687,0.8301886792452831,0.8695652173913043,0.8929738562091504,0.8284313725490196
500,3,PlainDNN,NACC,0.95,0.9490693665135855,0.9972383301298032,0.9504950495049505,0.9733333333333334,0.9794871794871794,0.999203940494552,0.9798994974874372
500,3,PlainDNN,PPMI,0.660377358490566,0.6630933454462866,0.8623893612864201,0.6602941176470588,0.8113207547169812,0.8611111111111112,0.8913398692810458,0.7834967320261439
500,3,LR,NACC,0.99,0.9899497487437187,0.9995172704635862,0.9900990099009901,1.0,1.0,1.0,1.0
500,3,LR,PPMI,0.6981132075471698,0.7074190177638453,0.8892549300637537,0.7073529411764706,0.8679245283018868,0.9090909090909091,0.9093137254901961,0.809640522875817
500,3,RF,NACC,0.95,0.9499965598209607,0.9944937525236476,0.9499898969488786,0.9766666666666667,0.9822784810126582,0.9980596049554704,0.9775361958306383
500,3,RF,PPMI,0.6037735849056604,0.6092836257309941,0.8047033999239881,0.6061274509803922,0.7735849056603774,0.8285714285714286,0.8308823529411765,0.755718954248366
500,3,XGBoost,NACC,0.96,0.9596513313572954,0.9956727802818227,0.9600929480703172,0.9866666666666667,0.9898477157360406,0.9984576347081944,0.9899497487437185
500,3,XGBoost,PPMI,0.6981132075471698,0.6973544973544974,0.8446334369128486,0.6965686274509805,0.8301886792452831,0.8732394366197183,0.8504901960784313,0.8129084967320261
500,4,DCM-DNN,NACC,0.9636963696369637,0.9630097809922371,0.9982463607612063,0.9633333333333334,0.9801980198019802,0.9849246231155779,0.9990687187530635,0.9851485148514851
500,4,DCM-DNN,PPMI,0.66,0.6222222222222222,0.8420819716775599,0.6782407407407408,0.76,0.8,0.8915441176470589,0.7904411764705883
500,4,PlainDNN,NACC,0.966996699669967,0.9664304993252362,0.9979850910448792,0.9666666666666667,0.9801980198019802,0.9849246231155779,0.9990687187530635,0.9851485148514851
500,4,PlainDNN,PPMI,0.6,0.5780583613916948,0.8438521241830065,0.6157407407407408,0.72,0.7666666666666667,0.8897058823529411,0.7444852941176471
500,4,LR,NACC,0.9900990099009901,0.9900648643908555,0.999868963082381,0.9900653594771242,0.9966996699669967,0.9975186104218362,0.9999019703950593,0.9975247524752475
500,4,LR,PPMI,0.62,0.5912579245912579,0.8475626361655774,0.6365740740740741,0.76,0.8125,0.8952205882352942,0.7573529411764706
500,4,RF,NACC,0.9306930693069307,0.929665306271121,0.988548904831332,0.9302290817317026,0.9471947194719472,0.958974358974359,0.9932849720615626,0.9579207920792079
500,4,RF,PPMI,0.66,0.6601307189542484,0.8394607843137255,0.6689814814814815,0.76,0.8181818181818182,0.8612132352941176,0.7408088235294117
500,4,XGBoost,NACC,0.9405940594059405,0.9401283320118802,0.9930509963423028,0.9402950883323626,0.9570957095709571,0.9672544080604534,0.9949024605430841,0.9603960396039604
500,4,XGBoost,PPMI,0.68,0.679696394686907,0.8188997821350763,0.6875,0.82,0.8695652173913043,0.8694852941176471,0.7849264705882353
1000,0,DCM-DNN,NACC,0.9716666666666667,0.9715127399961118,0.9991333391799232,0.9716313191943445,0.9883333333333333,0.991304347826087,0.999621135582946,0.9887098403717922
1000,0,DCM-DNN,PPMI,0.6481481481481481,0.6508252284114353,0.7612854737854738,0.6505531505531507,0.8148148148148148,0.8529411764705882,0.8806818181818182,0.7940340909090908
1000,0,PlainDNN,NACC,0.9716666666666667,0.9713066602581945,0.9985998674513977,0.9716326530612246,0.9816666666666667,0.986232790988736,0.9993306728632048,0.9850727419680744
1000,0,PlainDNN,PPMI,0.6296296296296297,0.6282868234087746,0.7915828256106033,0.6320346320346321,0.7962962962962963,0.835820895522388,0.8835227272727273,0.7784090909090908
1000,0,LR,NACC,0.9916666666666667,0.9916313016649885,0.9998791566629985,0.9916326530612244,0.995,0.9962825278810409,0.9999494847443928,0.9949737320670843
1000,0,LR,PPMI,0.6666666666666666,0.6534144692359702,0.8212725803003581,0.658970658970659,0.8333333333333334,0.8571428571428571,0.9005681818181818,0.8309659090909092
1000,0,RF,NACC,0.9433333333333334,0.9429726912653741,0.9941492134310804,0.9434587168200613,0.9733333333333334,0.98,0.9974552939987876,0.9749444332188321
1000,0,RF,PPMI,0.6481481481481481,0.6491460263439843,0.807294589412645,0.6366041366041366,0.7962962962962963,0.8307692307692308,0.8771306818181819,0.7855113636363636
1000,0,XGBoost,NACC,0.96,0.9598345135333212,0.9966006603754947,0.9601280512204883,0.9833333333333333,0.9875311720698254,0.9984340270761769,0.9849969690846636
1000,0,XGBoost,PPMI,0.6481481481481481,0.6456043956043956,0.7864291058735503,0.63997113997114,0.8148148148148148,0.8529411764705882,0.8693181818181819,0.7940340909090908
1000,1,DCM-DNN,NACC,0.9786535303776683,0.9784710289282142,0.9980574614220111,0.9784655155594576,0.993431855500821,0.995049504950495,0.9998789639312515,0.9938453159041394
1000,1,DCM-DNN,PPMI,0.6222222222222222,0.6095238095238095,0.8322490286437155,0.645658263305322,0.7111111111111111,0.7636363636363637,0.8502304147465437,0.7315668202764977
1000,1,PlainDNN,NACC,0.9688013136288999,0.9683026307947636,0.9975346578653573,0.9684908789386402,0.9819376026272578,0.986232790988736,0.9992616799806342,0.9864197530864198
1000,1,PlainDNN,PPMI,0.6666666666666666,0.6467196509272246,0.8141772838167526,0.6932773109243696,0.7333333333333333,0.7777777777777778,0.8364055299539169,0.7672811059907834
1000,1,LR,NACC,0.9917898193760263,0.9917663346771488,0.9994322143819755,0.9917081260364843,1.0,1.0,1.0,1.0
1000,1,LR,PPMI,0.7111111111111111,0.7130952380952381,0.8634905575133279,0.7198879551820728,0.8222222222222222,0.8709677419354839,0.8755760368663594,0.7926267281105991
1000,1,RF,NACC,0.9408866995073891,0.9406416278181401,0.9940793490788614,0.9406887132962639,0.9638752052545156,0.972636815920398,0.9971496005809731,0.9631082062454612
1000,1,RF,PPMI,0.6888888888888889,0.7002554278416347,0.8265903135447727,0.6918767507002802,0.8,0.8524590163934426,0.8110599078341014,0.7764976958525346
1000,1,XGBoost,NACC,0.9622331691297209,0.9621467970353312,0.9969833716915302,0.9621500341430105,0.9852216748768473,0.9888751545117429,0.9989832970225127,0.9840232389251997
1000,1,XGBoost,PPMI,0.7555555555555555,0.7579022988505747,0.8164362519201229,0.7633053221288515,0.8,0.8524590163934426,0.7949308755760369,0.7764976958525346
1000,2,DCM-DNN,NACC,0.9634551495016611,0.9632466127063951,0.9983817244982275,0.9642187370342711,0.9833887043189369,0.9873737373737373,0.9996277961811888,0.9875311720698254
1000,2,DCM-DNN,PPMI,0.6078431372549019,0.5642342342342342,0.8188920215528018,0.5655080213903743,0.7843137254901961,0.8307692307692308,0.9290657439446366,0.7794117647058822
1000,2,PlainDNN,NACC,0.9700996677740864,0.9699724110749828,0.9974945375657297,0.9706912289436561,0.9900332225913622,0.992462311557789,0.9989082021314872,0.9925187032418953
1000,2,PlainDNN,PPMI,0.6274509803921569,0.614977359804946,0.834642774178629,0.613339275103981,0.7843137254901961,0.8493150684931506,0.9134948096885813,0.7205882352941176
1000,2,LR,NACC,0.9916943521594684,0.9916855866222954,0.9999917138266653,0.9919093851132686,1.0,1.0,1.0,1.0
1000,2,LR,PPMI,0.6470588235294118,0.60997150997151,0.8393450457941568,0.6084373143196672,0.803921568627451,0.8484848484848485,0.9256055363321799,0.7941176470588235
1000,2,RF,NACC,0.9401993355481728,0.9397648711307368,0.9925798922853816,0.9410683698757891,0.9717607973421927,0.9783989834815756,0.9974442004441633,0.9775623131226661
1000,2,RF,PPMI,0.5882352941176471,0.5858585858585857,0.795953598408556,0.5837789661319074,0.8235294117647058,0.8695652173913043,0.9048442906574394,0.7941176470588236
1000,2,XGBoost,NACC,0.9534883720930233,0.9534696816081444,0.995914513055285,0.9539328500638455,0.9817275747508306,0.986198243412798,0.9989950496892098,0.9825622510886962
1000,2,XGBoost,PPMI,0.5882352941176471,0.5704980842911878,0.7777349458533088,0.5666963755199049,0.7843137254901961,0.8405797101449275,0.8858131487889273,0.75
1000,3,DCM-DNN,NACC,0.9729272419627749,0.9727213948237013,0.9982602995377668,0.9729443333504247,0.9898477157360406,0.9923469387755102,0.9994731025265376,0.989860436425322
1000,3,DCM-DNN,PPMI,0.6774193548387096,0.6830619921325408,0.7958152958152959,0.6772727272727272,0.8064516129032258,0.8604651162790697,0.8904761904761905,0.7654761904761904
1000,3,PlainDNN,NACC,0.9576988155668359,0.9572557468089579,0.9970147440236697,0.957707186858746,0.9796954314720813,0.9846153846153847,0.9988433957899607,0.980973860744853
1000,3,PlainDNN,PPMI,0.6774193548387096,0.6767806267806268,0.8129689754689754,0.6772727272727272,0.7903225806451613,0.8354430379746836,0.8797619047619047,0.7928571428571429
1000,3,LR,NACC,0.988155668358714,0.9881059587102543,0.9995099944958264,0.988155668358714,0.9983079526226735,0.9987261146496815,1.0,0.9987277353689568
1000,3,LR,PPMI,0.6774193548387096,0.6830619921325408,0.8429112554112553,0.6772727272727272,0.8064516129032258,0.8604651162790697,0.8904761904761904,0.7654761904761904
1000,3,RF,NACC,0.934010152284264,0.9333614558239759,0.9930647758151047,0.9339580933126982,0.9644670050761421,0.9727626459143969,0.9967486570540006,0.9695234790654639
1000,3,RF,PPMI,0.6290322580645161,0.63000143000143,0.7784902597402598,0.6303030303030304,0.7903225806451613,0.8354430379746836,0.8464285714285714,0.7928571428571429
1000,3,XGBoost,NACC,0.9661590524534687,0.965945523726761,0.9973457421778154,0.9661502451567716,0.9813874788494078,0.9858793324775353,0.9988690981057393,0.9834991132701056
1000,3,XGBoost,PPMI,0.6451612903225806,0.6541060291060291,0.7663059163059164,0.646969696969697,0.8225806451612904,0.8705882352941177,0.8392857142857143,0.7904761904761904
1000,4,DCM-DNN,NACC,0.9632107023411371,0.9625603864734299,0.9992452361472678,0.9626696449724168,0.9832775919732442,0.9873096446700508,0.999699236813414,0.9849493088712609
1000,4,DCM-DNN,PPMI,0.6,0.6053376906318083,0.8073950824795183,0.6192067736185384,0.7454545454545455,0.8157894736842105,0.8365384615384616,0.7099358974358974
1000,4,PlainDNN,NACC,0.9732441471571907,0.9729863269465032,0.998472164784808,0.9728737266050699,0.9933110367892977,0.9949622166246851,0.9995112598217978,0.9925059839342332
1000,4,PlainDNN,PPMI,0.6181818181818182,0.6203718962865304,0.813395981071185,0.6331327985739751,0.7454545454545455,0.8205128205128205,0.8397435897435898,0.6915064102564102
1000,4,LR,NACC,0.9866220735785953,0.9865514905149051,0.9999789005417575,0.9863945578231292,1.0,1.0,1.0,1.0
1000,4,LR,PPMI,0.6181818181818182,0.6196196196196196,0.826586118716009,0.6457219251336899,0.7636363636363637,0.821917808219178,0.8541666666666667,0.7596153846153846
1000,4,RF,NACC,0.9531772575250836,0.9526580700465654,0.9956438729858649,0.9527617016956036,0.9732441471571907,0.9796437659033079,0.9978319986966928,0.9749364011178365
1000,4,RF,PPMI,0.6,0.6097105508870214,0.7804530302155549,0.6147504456327986,0.7454545454545455,0.8157894736842105,0.8125,0.7099358974358974
1000,4,XGBoost,NACC,0.9682274247491639,0.9678867281280175,0.9976366262383997,0.9678986022269603,0.9816053511705686,0.9860583016476553,0.9985839066631578,0.9824617466822061
1000,4,XGBoost,PPMI,0.6363636363636364,0.6372146582672898,0.8331505096210977,0.6551916221033868,0.7636363636363637,0.8266666666666667,0.8461538461538461,0.7411858974358974
2000,0,DCM-DNN,NACC,0.9832915622389307,0.9832024751524878,0.9993297783663849,0.9834162520729685,0.9941520467836257,0.9955835962145111,0.9999060138598228,0.995603015075377
2000,0,DCM-DNN,PPMI,0.6842105263157895,0.6110799499503818,0.8278935939983284,0.6540032679738562,0.8070175438596491,0.8450704225352113,0.9161764705882353,0.8455882352941176
2000,0,PlainDNN,NACC,0.9757727652464494,0.9755862558913724,0.9993744525830083,0.9759367292134926,0.9908103592314118,0.9930423782416192,0.9999436083158937,0.9930904522613065
2000,0,PlainDNN,PPMI,0.631578947368421,0.5897707231040564,0.7812457429387129,0.619281045751634,0.8245614035087719,0.8611111111111112,0.9176470588235295,0.8580882352941177
2000,0,LR,NACC,0.9941520467836257,0.9941414438537705,1.0,0.994195688225539,0.9983291562238931,0.9987421383647799,1.0,0.9987437185929648
2000,0,LR,PPMI,0.6842105263157895,0.6831441564683699,0.8724757136163163,0.6854575163398692,0.8596491228070176,0.9,0.9220588235294117,0.8323529411764705
2000,0,RF,NACC,0.9565580618212197,0.9561998883662698,0.9961552863084583,0.9567791698368544,0.9724310776942355,0.9788597053171044,0.9981625709595359,0.9786526146944198
2000,0,RF,PPMI,0.631578947368421,0.6303686044379241,0.8348068803771816,0.6311274509803922,0.8070175438596491,0.8607594936708861,0.8985294117647058,0.7779411764705882
2000,0,XGBoost,NACC,0.974937343358396,0.9748502132936238,0.9982359756153482,0.9750233603555825,0.9866332497911445,0.9898477157360406,0.9987593829496609,0.9899497487437185
2000,0,XGBoost,PPMI,0.6666666666666666,0.6505050505050505,0.8248883502649642,0.6519607843137255,0.7894736842105263,0.8461538461538461,0.9117647058823528,0.7654411764705882
2000,1,DCM-DNN,NACC,0.9692691029900332,0.9690202926129555,0.9992176067567163,0.9690489186490746,0.9933554817275747,0.9950062421972534,0.9998072139303483,0.9943967661691542
2000,1,DCM-DNN,PPMI,0.62,0.6165311653116531,0.7990125487329435,0.6425925925925926,0.74,0.7796610169491526,0.8689236111111112,0.7482638888888888
2000,1,PlainDNN,NACC,0.9767441860465116,0.9765184711006957,0.9989071837145004,0.9765577889447236,0.9900332225913622,0.9925,0.9992101990049751,0.9912810945273631
2000,1,PlainDNN,PPMI,0.6,0.5831484257871065,0.8000566520467837,0.6185185185185186,0.72,0.7407407407407407,0.8463541666666666,0.7569444444444444
2000,1,LR,NACC,0.9933554817275747,0.993330591552763,0.9999885903398485,0.9932998324958123,0.9975083056478405,0.9981308411214953,1.0,0.9981343283582089
2000,1,LR,PPMI,0.62,0.623123123123123,0.8105756578947368,0.6407407407407407,0.78,0.8253968253968254,0.8567708333333334,0.7673611111111112
2000,1,RF,NACC,0.9451827242524917,0.9445146465357507,0.9951009124074561,0.9450083545807857,0.9700996677740864,0.97712833545108,0.9981918532338308,0.9769838308457712
2000,1,RF,PPMI,0.58,0.594017094017094,0.7767641325536062,0.5833333333333334,0.7,0.7540983606557377,0.7855902777777778,0.6927083333333333
2000,1,XGBoost,NACC,0.967607973421927,0.9674311081398145,0.9978204709426354,0.9675554084049146,0.9900332225913622,0.9924906132665833,0.9991293532338309,0.9919092039800995
2000,1,XGBoost,PPMI,0.58,0.588088088088088,0.755927753411306,0.6037037037037037,0.72,0.78125,0.7647569444444444,0.6961805555555556
2000,2,DCM-DNN,NACC,0.9749582637729549,0.9748326772695463,0.9989314428645666,0.974939431913116,0.996661101836394,0.9974905897114178,0.9999279448621554,0.9968703007518798
2000,2,DCM-DNN,PPMI,0.8,0.8028083028083027,0.8305739950476793,0.8011695906432749,0.9090909090909091,0.9333333333333333,0.9617117117117117,0.8896396396396397
2000,2,PlainDNN,NACC,0.9808013355592654,0.9807399485446484,0.9992691443878784,0.9807873851294904,0.9974958263772955,0.9981191222570532,0.9999812030075188,0.9974968671679199
2000,2,PlainDNN,PPMI,0.7454545454545455,0.7302156755159751,0.8532413992940309,0.7514619883040936,0.8,0.835820895522388,0.9466966966966966,0.8228228228228228
2000,2,LR,NACC,0.9941569282136895,0.9941515967679878,1.0,0.9941520467836257,1.0,1.0,1.0,1.0
2000,2,LR,PPMI,0.8363636363636363,0.8363363363363364,0.9113916548127073,0.8382066276803118,0.9454545454545454,0.958904109589041,0.9647147147147146,0.9451951951951951
2000,2,RF,NACC,0.9582637729549248,0.9577762263455726,0.9961291023501598,0.9582309941520468,0.9816360601001669,0.9860406091370558,0.999093045112782,0.985592105263158
2000,2,RF,PPMI,0.7272727272727273,0.7309491978609626,0.8837258310942522,0.7261208576998052,0.8909090909090909,0.9210526315789473,0.9264264264264265,0.8618618618618619
2000,2,XGBoost,NACC,0.9724540901502504,0.9723166378309847,0.9982559979945692,0.9724331662489557,0.993322203672788,0.9949685534591195,0.9999216791979949,0.9943640350877193
2000,2,XGBoost,PPMI,0.7090909090909091,0.7146464646464646,0.8545980190717032,0.7076023391812866,0.8363636363636363,0.8831168831168831,0.9301801801801802,0.7927927927927928
2000,3,DCM-DNN,NACC,0.98,0.9798658126660201,0.9996840034617013,0.9799057632301157,0.9958333333333333,0.9968612680477087,0.999959425591216,0.9968710888610763
2000,3,DCM-DNN,PPMI,0.660377358490566,0.6552916552916553,0.7874813668157321,0.6656346749226006,0.7169811320754716,0.7945205479452054,0.7540849673202614,0.667483660130719
2000,3,PlainDNN,NACC,0.9741666666666666,0.9740051587831454,0.9992948791452209,0.974036850921273,0.9975,0.9981191222570532,0.9999219722907999,0.9981226533166458
2000,3,PlainDNN,PPMI,0.6415094339622641,0.6299945265462507,0.7593595917899324,0.6542827657378741,0.6981132075471698,0.75,0.7426470588235294,0.7156862745098038
2000,3,LR,NACC,0.9941666666666666,0.9941584508458131,0.9999728994212687,0.9941373534338358,1.0,1.0,1.0,1.0
2000,3,LR,PPMI,0.660377358490566,0.6582946582946583,0.8105865153078775,0.6656346749226006,0.7169811320754716,0.7945205479452054,0.7687908496732025,0.667483660130719
2000,3,RF,NACC,0.945,0.9445889639244297,0.9942830593980435,0.9448677301720574,0.9691666666666666,0.9765674477517416,0.9976014282191892,0.9712561524848704
2000,3,RF,PPMI,0.5471698113207547,0.5610294117647059,0.7294031647746818,0.5521155830753354,0.660377358490566,0.75,0.7001633986928105,0.6102941176470589
2000,3,XGBoost,NACC,0.9716666666666667,0.9714970479528233,0.9976156339674521,0.971593211276666,0.99,0.9924433249370277,0.999091757464911,0.9918695127013506
2000,3,XGBoost,PPMI,0.6037735849056604,0.6057687940040881,0.7587289301685586,0.6109391124871001,0.660377358490566,0.75,0.7344771241830066,0.6102941176470589
2000,4,DCM-DNN,NACC,0.9825145711906744,0.9825137898015881,0.9994301176972794,0.9826054590570719,0.9975020815986678,0.9981285090455396,0.9999311626626283,0.99813200498132
2000,4,DCM-DNN,PPMI,0.5769230769230769,0.529468085106383,0.7802079168952233,0.5500974658869396,0.75,0.7719298245614035,0.9122807017543859,0.7807017543859649
2000,4,PlainDNN,NACC,0.980849292256453,0.9808464324030851,0.9992370325023651,0.9809325889164598,0.9966694421315571,0.9975031210986267,0.9998873570843007,0.9975093399750934
2000,4,PlainDNN,PPMI,0.5576923076923077,0.4848861283643892,0.7942943365543985,0.5241715399610136,0.7692307692307693,0.7931034482758621,0.9250398724082936,0.79585326953748
2000,4,LR,NACC,0.9933388842631141,0.9933579824147829,0.9999875387812475,0.9933829611248965,1.0,1.0,1.0,1.0
2000,4,LR,PPMI,0.5576923076923077,0.5131310060630626,0.7728231327302534,0.528849902534113,0.7884615384615384,0.819672131147541,0.8947368421052632,0.7998405103668261
2000,4,RF,NACC,0.9542048293089093,0.9540188827408648,0.9962493956953266,0.9543690537052508,0.9800166527893422,0.9849246231155779,0.9991191949786291,0.9818879578465178
2000,4,RF,PPMI,0.5384615384615384,0.5185796449112278,0.75411457756659,0.5187134502923977,0.75,0.7868852459016393,0.8668261562998404,0.7583732057416268
2000,4,XGBoost,NACC,0.9700249791840133,0.9700145469659186,0.9977976091106973,0.9701135225340932,0.9883430474604497,0.99125,0.9995963628854109,0.9887482243095927
2000,4,XGBoost,PPMI,0.6153846153846154,0.6002163650668765,0.7810171133700545,0.5992202729044834,0.8269230769230769,0.8571428571428571,0.9090909090909091,0.8301435406698565
